INSERT INTO chat.CHANNEL (id,name,`type`) VALUES
	 ('FIRST_TEST_OPEN_CHAT_CHANNEL01','테스트 전체 공개 채팅방01','super_public'),
	 ('FIRST_TEST_OPEN_CHAT_CHANNEL02','테스트 전체 공개 채팅방02','super_public'),
	 ('FIRST_TEST_OPEN_CHAT_CHANNEL03','테스트 전체 공개 채팅방03','super_public');
INSERT INTO chat.MESSAGE (id,parentMessageId,channelId,userId,`text`,`type`,filePath,fileName,fileSize,createdAt) VALUES
	 ('65604a9b3963170001002c2e','null','FIRST_TEST_OPEN_CHAT_CHANNEL01','47e2beb243c5bb9c','텍스트','text',NULL,NULL,NULL,1700809371877),
	 ('65604bba3c6ba100010039e3','null','FIRST_TEST_OPEN_CHAT_CHANNEL01','47e2beb243c5bb9c','','image','http://192.168.2.65:3000/File/message/FIRST_TEST_OPEN_CHAT_CHANNEL01/default-avatar (16).png','default-avatar (16).png','8652',1700809658944),
	 ('65604bbeee894800010024c7','null','FIRST_TEST_OPEN_CHAT_CHANNEL01','47e2beb243c5bb9c','이미지','text',NULL,NULL,NULL,1700809662177),
	 ('65604be3bf25c10001003061','null','FIRST_TEST_OPEN_CHAT_CHANNEL01','47e2beb243c5bb9c','','video','http://192.168.2.65:3000/File/message/FIRST_TEST_OPEN_CHAT_CHANNEL01/173522 (720p).mp4','173522 (720p).mp4','1865800',1700809699686),
	 ('65604be6bbc08f0001002a66','null','FIRST_TEST_OPEN_CHAT_CHANNEL01','47e2beb243c5bb9c','동영상','text',NULL,NULL,NULL,1700809702895),
	 ('65604c0898e5e90001002fb8',NULL,'FIRST_TEST_OPEN_CHAT_CHANNEL02','admin10','오아ㅗㅇ','text',NULL,NULL,NULL,1700809736102),
	 ('65604c0a30c0b4000100317d',NULL,'FIRST_TEST_OPEN_CHAT_CHANNEL02','admin10','오왕','text',NULL,NULL,NULL,1700809738213),
	 ('65604c0b937786000100321a',NULL,'FIRST_TEST_OPEN_CHAT_CHANNEL02','admin10','가라','text',NULL,NULL,NULL,1700809739760),
	 ('65604c16f1d67000010026af',NULL,'FIRST_TEST_OPEN_CHAT_CHANNEL02','47e2beb243c5bb9c','누구세요?','text',NULL,NULL,NULL,1700809750592),
	 ('65604c6b34a1d500010037bd',NULL,'FIRST_TEST_OPEN_CHAT_CHANNEL02','47e2beb243c5bb9c','2','text',NULL,NULL,NULL,1700809835935);
INSERT INTO chat.MESSAGE (id,parentMessageId,channelId,userId,`text`,`type`,filePath,fileName,fileSize,createdAt) VALUES
	 ('65604c6b799d4a0001003aa9',NULL,'FIRST_TEST_OPEN_CHAT_CHANNEL02','47e2beb243c5bb9c','1','text',NULL,NULL,NULL,1700809835593),
	 ('65604c71faf9210001003a4f',NULL,'FIRST_TEST_OPEN_CHAT_CHANNEL02','44c5a8a4384857c6','??','text',NULL,NULL,NULL,1700809841892),
	 ('65604c791773d80001003a9c',NULL,'FIRST_TEST_OPEN_CHAT_CHANNEL02','44c5a8a4384857c6','어케햇어요?','text',NULL,NULL,NULL,1700809849227),
	 ('65604c7c065c410001003bc2',NULL,'FIRST_TEST_OPEN_CHAT_CHANNEL02','admin01','오예','text',NULL,NULL,NULL,1700809852430),
	 ('65604c807c41cf0001002f89',NULL,'FIRST_TEST_OPEN_CHAT_CHANNEL02','admin03','우와','text',NULL,NULL,NULL,1700809856509),
	 ('65604c84bbc08f0001002ab1',NULL,'FIRST_TEST_OPEN_CHAT_CHANNEL02','admin02','오','text',NULL,NULL,NULL,1700809860181),
	 ('65604c87154d3f0001002fd1',NULL,'FIRST_TEST_OPEN_CHAT_CHANNEL03','admin01','욜','text',NULL,NULL,NULL,1700809863905),
	 ('65604c875c46ca0001003f43',NULL,'FIRST_TEST_OPEN_CHAT_CHANNEL02','admin02','뭔가','text',NULL,NULL,NULL,1700809863697),
	 ('65604c8d13eb9b00010035a8',NULL,'FIRST_TEST_OPEN_CHAT_CHANNEL02','admin02','아이콘이','text',NULL,NULL,NULL,1700809869195),
	 ('65604c90c0ab8b0001004840',NULL,'FIRST_TEST_OPEN_CHAT_CHANNEL02','admin02','위치가 안맞는데요','text',NULL,NULL,NULL,1700809872202);
INSERT INTO chat.MESSAGE (id,parentMessageId,channelId,userId,`text`,`type`,filePath,fileName,fileSize,createdAt) VALUES
	 ('65604c91b6c6ec00010037ae',NULL,'FIRST_TEST_OPEN_CHAT_CHANNEL02','admin02','ㅋㅋㅋㅋㅋㅋㅋㅋㅋㅋㅋㅋㅋㅋㅋㅋ','text',NULL,NULL,NULL,1700809873509),
	 ('65604c9244cdeb0001003658',NULL,'FIRST_TEST_OPEN_CHAT_CHANNEL03','admin01','ㅋㅋㅋㅋㅋㅋㅋㅋㅋㅋㅋㅋㅋㅋㅋㅋㅋㅋ','text',NULL,NULL,NULL,1700809874685),
	 ('65604c94faf9210001003a71',NULL,'FIRST_TEST_OPEN_CHAT_CHANNEL02','admin03','초기 window 사이즈가 좀 작으면 더 좋을것 같아요','text',NULL,NULL,NULL,1700809876723),
	 ('65604c9738e02d0001002d7b',NULL,'FIRST_TEST_OPEN_CHAT_CHANNEL02','44c5a8a4384857c6','저거 디자인이에요','text',NULL,NULL,NULL,1700809879139),
	 ('65604c9eb6c6ec00010037b8',NULL,'FIRST_TEST_OPEN_CHAT_CHANNEL02','44c5a8a4384857c6','별로인가요? 수정하겠습니다.','text',NULL,NULL,NULL,1700809886840),
	 ('65604ca03c30b700010030ea',NULL,'FIRST_TEST_OPEN_CHAT_CHANNEL02','admin02','','image','http://192.168.2.65:3000/File/message/FIRST_TEST_OPEN_CHAT_CHANNEL02/ì¤í¬ë¦°ì· 2023-11-24 161118.png','ì¤í¬ë¦°ì· 2023-11-24 161118.png','3297',1700809888435),
	 ('65604ca0d81a630001002916',NULL,'FIRST_TEST_OPEN_CHAT_CHANNEL02','admin03','우와!','text',NULL,NULL,NULL,1700809888931),
	 ('65604ca7bbc08f0001002ac3',NULL,'FIRST_TEST_OPEN_CHAT_CHANNEL02','admin02','이렇게 나와요','text',NULL,NULL,NULL,1700809895977),
	 ('65604caa2b45fd0001002f3c',NULL,'FIRST_TEST_OPEN_CHAT_CHANNEL02','admin03','저도요','text',NULL,NULL,NULL,1700809898658),
	 ('65604cb013f13e0001002c93',NULL,'FIRST_TEST_OPEN_CHAT_CHANNEL03','admin01','','text',NULL,NULL,NULL,1700809904689);
INSERT INTO chat.MESSAGE (id,parentMessageId,channelId,userId,`text`,`type`,filePath,fileName,fileSize,createdAt) VALUES
	 ('65604cbe5c46ca0001003f60',NULL,'FIRST_TEST_OPEN_CHAT_CHANNEL02','44c5a8a4384857c6','','image','http://192.168.2.65:3000/File/message/FIRST_TEST_OPEN_CHAT_CHANNEL02/ì¤í¬ë¦°ì· 2023-11-24 104156.png','ì¤í¬ë¦°ì· 2023-11-24 104156.png','42423',1700809918643),
	 ('65604cc7f4676b00010032cf',NULL,'FIRST_TEST_OPEN_CHAT_CHANNEL02','admin02','뭔가','text',NULL,NULL,NULL,1700809927314),
	 ('65604cc885e9900001003b0f',NULL,'FIRST_TEST_OPEN_CHAT_CHANNEL02','admin02','글이','text',NULL,NULL,NULL,1700809928332),
	 ('65604ccc38e02d0001002dac',NULL,'FIRST_TEST_OPEN_CHAT_CHANNEL02','admin02','여기서 보엿다 저기서 보엿다','text',NULL,NULL,NULL,1700809932685),
	 ('65604ccd34a1d50001003843',NULL,'FIRST_TEST_OPEN_CHAT_CHANNEL02','admin02','하는디','text',NULL,NULL,NULL,1700809933640),
	 ('65604cd1f4676b00010032d5',NULL,'FIRST_TEST_OPEN_CHAT_CHANNEL02','47e2beb243c5bb9c','','image','http://192.168.2.65:3000/File/message/FIRST_TEST_OPEN_CHAT_CHANNEL02/ì¤í¬ë¦°ì· 2023-11-24 104156 (1).png','ì¤í¬ë¦°ì· 2023-11-24 104156 (1).png','42423',1700809937753),
	 ('65604cd87c41cf0001002fbf',NULL,'FIRST_TEST_OPEN_CHAT_CHANNEL02','47e2beb243c5bb9c','아 저거 일부러 다 보이게 했음 일단','text',NULL,NULL,NULL,1700809944744),
	 ('65604cd8f4676b00010032da',NULL,'FIRST_TEST_OPEN_CHAT_CHANNEL03','admin01','이미지 클릭해도 안 띄워짐','text',NULL,NULL,NULL,1700809944979),
	 ('65604cd938e02d0001002e14',NULL,'FIRST_TEST_OPEN_CHAT_CHANNEL03','admin01','ㅠㅠ','text',NULL,NULL,NULL,1700809945990),
	 ('65604cdb2f97870001003bbe',NULL,'FIRST_TEST_OPEN_CHAT_CHANNEL03','admin01','슬픔','text',NULL,NULL,NULL,1700809947107);
INSERT INTO chat.MESSAGE (id,parentMessageId,channelId,userId,`text`,`type`,filePath,fileName,fileSize,createdAt) VALUES
	 ('65604cdbf4676b00010032de',NULL,'FIRST_TEST_OPEN_CHAT_CHANNEL02','47e2beb243c5bb9c','분기 잘되나 볼라고','text',NULL,NULL,NULL,1700809947975),
	 ('65604cdf93778600010032b9',NULL,'FIRST_TEST_OPEN_CHAT_CHANNEL02','47e2beb243c5bb9c','니가 만들어요 그럼','text',NULL,NULL,NULL,1700809951227),
	 ('65604ce22b45fd0001002f63',NULL,'FIRST_TEST_OPEN_CHAT_CHANNEL02','admin02','2랑 3이랑','text',NULL,NULL,NULL,1700809954009),
	 ('65604ce4157e57000100334b',NULL,'FIRST_TEST_OPEN_CHAT_CHANNEL03','admin01','만들어주세영','text',NULL,NULL,NULL,1700809956520),
	 ('65604ce51773d80001003af1',NULL,'FIRST_TEST_OPEN_CHAT_CHANNEL02','admin02','왓다갓다','text',NULL,NULL,NULL,1700809957129),
	 ('65604ce65c46ca0001003f77',NULL,'FIRST_TEST_OPEN_CHAT_CHANNEL02','admin02','해도','text',NULL,NULL,NULL,1700809958124),
	 ('65604ce693778600010032c4',NULL,'FIRST_TEST_OPEN_CHAT_CHANNEL03','admin01','ㅠㅠ엉엉','text',NULL,NULL,NULL,1700809958543),
	 ('65604ce8157e570001003355',NULL,'FIRST_TEST_OPEN_CHAT_CHANNEL02','47e2beb243c5bb9c','넵 만들어볼꼐요 ','text',NULL,NULL,NULL,1700809960529),
	 ('65604ceab6c6ec00010037eb',NULL,'FIRST_TEST_OPEN_CHAT_CHANNEL03','admin01','ㅋㅋㅋㅋㅋㅋㅋㅋㅋㅋㅋㅋ','text',NULL,NULL,NULL,1700809962933),
	 ('65604cf2fcfde90001003a74',NULL,'FIRST_TEST_OPEN_CHAT_CHANNEL02','admin02','막 이대화가 저기 나오는디!?','text',NULL,NULL,NULL,1700809970049);
INSERT INTO chat.MESSAGE (id,parentMessageId,channelId,userId,`text`,`type`,filePath,fileName,fileSize,createdAt) VALUES
	 ('65604cf613f13e0001002cc6',NULL,'FIRST_TEST_OPEN_CHAT_CHANNEL03','admin01','어','text',NULL,NULL,NULL,1700809974244),
	 ('65604cf7157e570001003361',NULL,'FIRST_TEST_OPEN_CHAT_CHANNEL03','admin01','진짜다!','text',NULL,NULL,NULL,1700809975885),
	 ('65604cfbee894800010025d3',NULL,'FIRST_TEST_OPEN_CHAT_CHANNEL03','admin01','왜 내 대화는 안나옴?','text',NULL,NULL,NULL,1700809979961),
	 ('65604d0293778600010032d8',NULL,'FIRST_TEST_OPEN_CHAT_CHANNEL02','44c5a8a4384857c6','?','text',NULL,NULL,NULL,1700809986905),
	 ('65604d069525450001002ce2',NULL,'FIRST_TEST_OPEN_CHAT_CHANNEL03','admin01','뭐야!!','text',NULL,NULL,NULL,1700809990982),
	 ('65604d111773d80001003b07',NULL,'FIRST_TEST_OPEN_CHAT_CHANNEL02','admin03','02방 내용이 일부 03방에도 노출되는 것 같아요','text',NULL,NULL,NULL,1700810001644),
	 ('65604d119525450001002ce9',NULL,'FIRST_TEST_OPEN_CHAT_CHANNEL03','admin01','이지님도 얘기해봐여','text',NULL,NULL,NULL,1700810001562),
	 ('65604d171c76e4000100570d',NULL,'FIRST_TEST_OPEN_CHAT_CHANNEL02','44c5a8a4384857c6','그거 일부러 그랬다니깐요','text',NULL,NULL,NULL,1700810007624),
	 ('65604d17c0ab8b000100487f',NULL,'FIRST_TEST_OPEN_CHAT_CHANNEL03','admin01','저기 띄워지나 안띄워지나','text',NULL,NULL,NULL,1700810007673),
	 ('65604d1d34a1d50001003879',NULL,'FIRST_TEST_OPEN_CHAT_CHANNEL03','admin01','아','text',NULL,NULL,NULL,1700810013937);
INSERT INTO chat.MESSAGE (id,parentMessageId,channelId,userId,`text`,`type`,filePath,fileName,fileSize,createdAt) VALUES
	 ('65604d1f13f13e0001002cd6',NULL,'FIRST_TEST_OPEN_CHAT_CHANNEL03','admin01','ㅇㅋ','text',NULL,NULL,NULL,1700810015000),
	 ('65604d2244cdeb00010036db',NULL,'FIRST_TEST_OPEN_CHAT_CHANNEL03','admin01','제대로 안들음','text',NULL,NULL,NULL,1700810018164),
	 ('65604d24bbc08f0001002b05',NULL,'FIRST_TEST_OPEN_CHAT_CHANNEL02','admin02','ㅋㅋㅋㅋㅋㅋㅋㅋㅋㅋㅋㅋ','text',NULL,NULL,NULL,1700810020713),
	 ('65604d483ca8f8000100325b',NULL,'FIRST_TEST_OPEN_CHAT_CHANNEL02','44c5a8a4384857c6','ㅎㅇ','text',NULL,NULL,NULL,1700810056962),
	 ('65604d493c6ba10001003ad8','null','FIRST_TEST_OPEN_CHAT_CHANNEL01','admin01','저런 영상은 어디서 가져왔어여','text',NULL,NULL,NULL,1700810057793),
	 ('65604d552023410001002683',NULL,'FIRST_TEST_OPEN_CHAT_CHANNEL02','44c5a8a4384857c6','제가 찍은거에요','text',NULL,NULL,NULL,1700810069055),
	 ('65604d56f1d6700001002a00',NULL,'FIRST_TEST_OPEN_CHAT_CHANNEL02','admin02','다른 채팅방 갓다가 다시 들어오면','text',NULL,NULL,NULL,1700810070505),
	 ('65604d57fcfde90001003b50',NULL,'FIRST_TEST_OPEN_CHAT_CHANNEL03','admin01','다 어디갔어','text',NULL,NULL,NULL,1700810071491),
	 ('65604d58157e5700010033c8',NULL,'FIRST_TEST_OPEN_CHAT_CHANNEL03','admin01','ㅠㅠㅠ','text',NULL,NULL,NULL,1700810072654),
	 ('65604d587c41cf0001003050',NULL,'FIRST_TEST_OPEN_CHAT_CHANNEL02','admin02','왜 위로','text',NULL,NULL,NULL,1700810072595);
INSERT INTO chat.MESSAGE (id,parentMessageId,channelId,userId,`text`,`type`,filePath,fileName,fileSize,createdAt) VALUES
	 ('65604d59f4676b0001003334',NULL,'FIRST_TEST_OPEN_CHAT_CHANNEL02','admin02','올라가요?','text',NULL,NULL,NULL,1700810073895),
	 ('65604d6244cdeb000100370b',NULL,'FIRST_TEST_OPEN_CHAT_CHANNEL03','admin01','내 대화만 남아있음','text',NULL,NULL,NULL,1700810082446),
	 ('65604d6371e29c00010031a4',NULL,'FIRST_TEST_OPEN_CHAT_CHANNEL03','admin01','ㅠㅠ','text',NULL,NULL,NULL,1700810083066),
	 ('65604d6871e29c00010031aa',NULL,'FIRST_TEST_OPEN_CHAT_CHANNEL02','47e2beb243c5bb9c','그거 분명 안올라가게했는데 ','text',NULL,NULL,NULL,1700810088805),
	 ('65604d6ef4676b0001003346',NULL,'FIRST_TEST_OPEN_CHAT_CHANNEL02','47e2beb243c5bb9c','올라가요','text',NULL,NULL,NULL,1700810094851),
	 ('65604d7544cdeb0001003711','null','FIRST_TEST_OPEN_CHAT_CHANNEL01','47e2beb243c5bb9c','?','text',NULL,NULL,NULL,1700810101538),
	 ('65604d777c41cf0001003065',NULL,'FIRST_TEST_OPEN_CHAT_CHANNEL03','admin01','다 백지됐어여 ㅠㅠㅠ속상해','text',NULL,NULL,NULL,1700810103799),
	 ('65604d7a71e29c00010031ba',NULL,'FIRST_TEST_OPEN_CHAT_CHANNEL02','admin02','ㅋㅋㅋㅋㅋㅋㅋㅋㅋㅋㅋㅋㅋㅋㅋㅋㅋㅋㅋ','text',NULL,NULL,NULL,1700810106862),
	 ('65604d7f2023410001002695',NULL,'FIRST_TEST_OPEN_CHAT_CHANNEL03','admin01','나갔다오면 내 대화만 있음 ㅠㅠㅠ엉엉','text',NULL,NULL,NULL,1700810111440),
	 ('65604d821c76e40001005788',NULL,'FIRST_TEST_OPEN_CHAT_CHANNEL03','admin01','아','text',NULL,NULL,NULL,1700810114434);
INSERT INTO chat.MESSAGE (id,parentMessageId,channelId,userId,`text`,`type`,filePath,fileName,fileSize,createdAt) VALUES
	 ('65604d87d81a63000100299e',NULL,'FIRST_TEST_OPEN_CHAT_CHANNEL02','47e2beb243c5bb9c','아무거나 막 쳐보셈','text',NULL,NULL,NULL,1700810119192),
	 ('65604d88154d3f0001003077',NULL,'FIRST_TEST_OPEN_CHAT_CHANNEL03','admin01','일부러 기록 안되게 시크릿..?','text',NULL,NULL,NULL,1700810120839),
	 ('65604d892023410001002699',NULL,'FIRST_TEST_OPEN_CHAT_CHANNEL02','44c5a8a4384857c6','1','text',NULL,NULL,NULL,1700810121931),
	 ('65604d8a2b45fd0001002fd8',NULL,'FIRST_TEST_OPEN_CHAT_CHANNEL02','44c5a8a4384857c6','5','text',NULL,NULL,NULL,1700810122933),
	 ('65604d8a4c8611000100384b',NULL,'FIRST_TEST_OPEN_CHAT_CHANNEL02','44c5a8a4384857c6','3','text',NULL,NULL,NULL,1700810122354),
	 ('65604d8a5c46ca0001003fe4',NULL,'FIRST_TEST_OPEN_CHAT_CHANNEL02','44c5a8a4384857c6','4','text',NULL,NULL,NULL,1700810122560),
	 ('65604d8afcfde90001003b6b',NULL,'FIRST_TEST_OPEN_CHAT_CHANNEL02','44c5a8a4384857c6','2','text',NULL,NULL,NULL,1700810122282),
	 ('65604d8b154d3f000100307b',NULL,'FIRST_TEST_OPEN_CHAT_CHANNEL02','44c5a8a4384857c6','9','text',NULL,NULL,NULL,1700810123833),
	 ('65604d8b71e29c00010031c8',NULL,'FIRST_TEST_OPEN_CHAT_CHANNEL02','44c5a8a4384857c6','8','text',NULL,NULL,NULL,1700810123465),
	 ('65604d8b9377860001003320',NULL,'FIRST_TEST_OPEN_CHAT_CHANNEL02','44c5a8a4384857c6','7','text',NULL,NULL,NULL,1700810123253);
INSERT INTO chat.MESSAGE (id,parentMessageId,channelId,userId,`text`,`type`,filePath,fileName,fileSize,createdAt) VALUES
	 ('65604d8bfaf9210001003b0a',NULL,'FIRST_TEST_OPEN_CHAT_CHANNEL02','44c5a8a4384857c6','6','text',NULL,NULL,NULL,1700810123009),
	 ('65604d911c76e40001005799',NULL,'FIRST_TEST_OPEN_CHAT_CHANNEL02','admin02','2','text',NULL,NULL,NULL,1700810129975),
	 ('65604d91ee89480001002619',NULL,'FIRST_TEST_OPEN_CHAT_CHANNEL02','admin02','12','text',NULL,NULL,NULL,1700810129559),
	 ('65604d921773d80001003b4f',NULL,'FIRST_TEST_OPEN_CHAT_CHANNEL02','admin02','5','text',NULL,NULL,NULL,1700810130724),
	 ('65604d923284830001003bf8',NULL,'FIRST_TEST_OPEN_CHAT_CHANNEL02','admin02','','text',NULL,NULL,NULL,1700810130358),
	 ('65604d9298e5e900010030c2',NULL,'FIRST_TEST_OPEN_CHAT_CHANNEL02','admin02','54','text',NULL,NULL,NULL,1700810130551),
	 ('65604d92d81a6300010029a2',NULL,'FIRST_TEST_OPEN_CHAT_CHANNEL02','admin02','3','text',NULL,NULL,NULL,1700810130164),
	 ('65604d92f376540001002b08',NULL,'FIRST_TEST_OPEN_CHAT_CHANNEL02','admin02','6','text',NULL,NULL,NULL,1700810130896),
	 ('65604d93065c410001003cb1',NULL,'FIRST_TEST_OPEN_CHAT_CHANNEL02','admin02','7','text',NULL,NULL,NULL,1700810131053),
	 ('65604d933c6ba10001003b00',NULL,'FIRST_TEST_OPEN_CHAT_CHANNEL02','admin02','989','text',NULL,NULL,NULL,1700810131409);
INSERT INTO chat.MESSAGE (id,parentMessageId,channelId,userId,`text`,`type`,filePath,fileName,fileSize,createdAt) VALUES
	 ('65604d93503dee0001003124',NULL,'FIRST_TEST_OPEN_CHAT_CHANNEL02','admin02','8','text',NULL,NULL,NULL,1700810131234),
	 ('65604d93bf25c1000100315b',NULL,'FIRST_TEST_OPEN_CHAT_CHANNEL02','admin02','','text',NULL,NULL,NULL,1700810131573),
	 ('65604d93c0ab8b00010048d6',NULL,'FIRST_TEST_OPEN_CHAT_CHANNEL02','admin02','3','text',NULL,NULL,NULL,1700810131736),
	 ('65604d9485e9900001003ba2',NULL,'FIRST_TEST_OPEN_CHAT_CHANNEL02','admin02','4','text',NULL,NULL,NULL,1700810132261),
	 ('65604d94f1d6700001002a28',NULL,'FIRST_TEST_OPEN_CHAT_CHANNEL02','admin02','3','text',NULL,NULL,NULL,1700810132037),
	 ('65604d94fcfde90001003b71',NULL,'FIRST_TEST_OPEN_CHAT_CHANNEL02','admin02','3','text',NULL,NULL,NULL,1700810132047),
	 ('65604d94fcfde90001003b74',NULL,'FIRST_TEST_OPEN_CHAT_CHANNEL02','admin02','','text',NULL,NULL,NULL,1700810132614),
	 ('65604d9513eb9b000100364c',NULL,'FIRST_TEST_OPEN_CHAT_CHANNEL02','admin02','','text',NULL,NULL,NULL,1700810133904),
	 ('65604d9a98e5e900010030cb',NULL,'FIRST_TEST_OPEN_CHAT_CHANNEL03','admin01','ㅏ다다다다다다다','text',NULL,NULL,NULL,1700810138248),
	 ('65604d9c6f798d0001002b46',NULL,'FIRST_TEST_OPEN_CHAT_CHANNEL02','admin02','근데 이거 아무것도 안 치고 ','text',NULL,NULL,NULL,1700810140508);
INSERT INTO chat.MESSAGE (id,parentMessageId,channelId,userId,`text`,`type`,filePath,fileName,fileSize,createdAt) VALUES
	 ('65604d9e85e9900001003ba9',NULL,'FIRST_TEST_OPEN_CHAT_CHANNEL02','admin02','엔터 쳐도','text',NULL,NULL,NULL,1700810142192),
	 ('65604da07c41cf0001003078',NULL,'FIRST_TEST_OPEN_CHAT_CHANNEL02','47e2beb243c5bb9c','','text',NULL,NULL,NULL,1700810144885),
	 ('65604da3503dee000100312f',NULL,'FIRST_TEST_OPEN_CHAT_CHANNEL02','admin02','말풍선 나오는데요','text',NULL,NULL,NULL,1700810147042),
	 ('65604da4157e570001003402',NULL,'FIRST_TEST_OPEN_CHAT_CHANNEL02','admin02','','text',NULL,NULL,NULL,1700810148336),
	 ('65604da43963170001002e6c',NULL,'FIRST_TEST_OPEN_CHAT_CHANNEL02','47e2beb243c5bb9c','아 그러네','text',NULL,NULL,NULL,1700810148801),
	 ('65604da43ca8f80001003298',NULL,'FIRST_TEST_OPEN_CHAT_CHANNEL02','admin02','','text',NULL,NULL,NULL,1700810148809),
	 ('65604da444cdeb0001003743',NULL,'FIRST_TEST_OPEN_CHAT_CHANNEL02','admin02','','text',NULL,NULL,NULL,1700810148509),
	 ('65604da49377860001003329',NULL,'FIRST_TEST_OPEN_CHAT_CHANNEL02','admin02','','text',NULL,NULL,NULL,1700810148166),
	 ('65604da4b6c6ec0001003850',NULL,'FIRST_TEST_OPEN_CHAT_CHANNEL02','admin02','','text',NULL,NULL,NULL,1700810148973),
	 ('65604da4f4676b0001003361',NULL,'FIRST_TEST_OPEN_CHAT_CHANNEL02','admin02','','text',NULL,NULL,NULL,1700810148657);
INSERT INTO chat.MESSAGE (id,parentMessageId,channelId,userId,`text`,`type`,filePath,fileName,fileSize,createdAt) VALUES
	 ('65604daa3284830001003c05',NULL,'FIRST_TEST_OPEN_CHAT_CHANNEL02','47e2beb243c5bb9c','깜빡햇다 그거','text',NULL,NULL,NULL,1700810154154),
	 ('65604dabfcfde90001003b82',NULL,'FIRST_TEST_OPEN_CHAT_CHANNEL02','47e2beb243c5bb9c','ㄳ','text',NULL,NULL,NULL,1700810155843),
	 ('65604dae3963170001002e72',NULL,'FIRST_TEST_OPEN_CHAT_CHANNEL02','admin02','ㅇㅇㅋ','text',NULL,NULL,NULL,1700810158478),
	 ('65604db920234100010026bc',NULL,'FIRST_TEST_OPEN_CHAT_CHANNEL02','47e2beb243c5bb9c','내릴께요','text',NULL,NULL,NULL,1700810169539),
	 ('65604dc0065c410001003cd4',NULL,'FIRST_TEST_OPEN_CHAT_CHANNEL03','admin01','','text',NULL,NULL,NULL,1700810176123),
	 ('65604dc11c76e400010057b1',NULL,'FIRST_TEST_OPEN_CHAT_CHANNEL03','admin01','','text',NULL,NULL,NULL,1700810177453),
	 ('65604dc12b45fd0001003002',NULL,'FIRST_TEST_OPEN_CHAT_CHANNEL03','admin01','','text',NULL,NULL,NULL,1700810177080),
	 ('65604dc1c0ab8b0001004912',NULL,'FIRST_TEST_OPEN_CHAT_CHANNEL03','admin01','','text',NULL,NULL,NULL,1700810177854),
	 ('65604dc2faf9210001003b2c',NULL,'FIRST_TEST_OPEN_CHAT_CHANNEL03','admin01','','text',NULL,NULL,NULL,1700810178243),
	 ('65604dce30c0b40001003280',NULL,'FIRST_TEST_OPEN_CHAT_CHANNEL02','admin02','테스트 끝?','text',NULL,NULL,NULL,1700810190065);
INSERT INTO chat.MESSAGE (id,parentMessageId,channelId,userId,`text`,`type`,filePath,fileName,fileSize,createdAt) VALUES
	 ('65604dd2f376540001002b33',NULL,'FIRST_TEST_OPEN_CHAT_CHANNEL03','admin01','아쉬운데','text',NULL,NULL,NULL,1700810194626),
	 ('65604dd81c76e400010057d4',NULL,'FIRST_TEST_OPEN_CHAT_CHANNEL02','admin02','우리 더 놀까요','text',NULL,NULL,NULL,1700810200726),
	 ('65604ddc9525450001002d6f',NULL,'FIRST_TEST_OPEN_CHAT_CHANNEL02','admin02','ㅋㅋㅋㅋㅋㅋㅋㅋ','text',NULL,NULL,NULL,1700810204220),
	 ('65604ddd34a1d50001003913',NULL,'FIRST_TEST_OPEN_CHAT_CHANNEL02','47e2beb243c5bb9c','열어놓을께요 맘대로 하세요','text',NULL,NULL,NULL,1700810205663),
	 ('65604ddeb6c6ec0001003886','null','FIRST_TEST_OPEN_CHAT_CHANNEL01','admin01','ㅋㅋㅋㅋㅋㅋㅋㅋㅋㅋㅋㅋㅋㅋ','text',NULL,NULL,NULL,1700810206694),
	 ('65604de13ca8f800010032c1',NULL,'FIRST_TEST_OPEN_CHAT_CHANNEL02','admin02','ㅋㅋㅋㅋㅋㅋㅋㅋㅋㅋㅋㅋㅋㅋㅋ','text',NULL,NULL,NULL,1700810209677),
	 ('65604de6157e570001003443',NULL,'FIRST_TEST_OPEN_CHAT_CHANNEL02','admin02','우리가 또 다른 버그를','text',NULL,NULL,NULL,1700810214545),
	 ('65604de871e29c0001003215',NULL,'FIRST_TEST_OPEN_CHAT_CHANNEL02','admin02','찾을지도 몰라요','text',NULL,NULL,NULL,1700810216509),
	 ('65604dea4c861100010038df','null','FIRST_TEST_OPEN_CHAT_CHANNEL01','admin01','좋아여','text',NULL,NULL,NULL,1700810218615),
	 ('65604debb6c6ec0001003893',NULL,'FIRST_TEST_OPEN_CHAT_CHANNEL02','admin02','ㄹㄹㄹ','text',NULL,NULL,NULL,1700810219392);
INSERT INTO chat.MESSAGE (id,parentMessageId,channelId,userId,`text`,`type`,filePath,fileName,fileSize,createdAt) VALUES
	 ('65604df1503dee0001003156',NULL,'FIRST_TEST_OPEN_CHAT_CHANNEL02','admin02','','file','http://192.168.2.65:3000/File/message/FIRST_TEST_OPEN_CHAT_CHANNEL02/ì¤í¬ë¦°ì· 2023-11-23 155122.png','ì¤í¬ë¦°ì· 2023-11-23 155122.png','9926',1700810225317),
	 ('65604df59525450001002d98',NULL,'FIRST_TEST_OPEN_CHAT_CHANNEL02','admin02','오','text',NULL,NULL,NULL,1700810229107),
	 ('65604df9154d3f00010030c6','null','FIRST_TEST_OPEN_CHAT_CHANNEL01','admin01','글씨 깨짐','text',NULL,NULL,NULL,1700810233164),
	 ('65604df9faf9210001003b44',NULL,'FIRST_TEST_OPEN_CHAT_CHANNEL02','admin02','이미지를 문서로 보내니까','text',NULL,NULL,NULL,1700810233507),
	 ('65604dfb1c76e400010057ea','null','FIRST_TEST_OPEN_CHAT_CHANNEL02','admin02','저렇게 가네','text',NULL,NULL,NULL,1700810235128),
	 ('65604dfe3963170001002e9b','null','FIRST_TEST_OPEN_CHAT_CHANNEL02','admin02','','image','http://192.168.2.65:3000/File/message/FIRST_TEST_OPEN_CHAT_CHANNEL02/ì¤í¬ë¦°ì· 2023-11-23 155122 (1).png','ì¤í¬ë¦°ì· 2023-11-23 155122 (1).png','9926',1700810238287),
	 ('65604e0834a1d50001003931','null','FIRST_TEST_OPEN_CHAT_CHANNEL01','admin01','ㅋㅋㅋㅋㅋㅋㅋㅋㅋㅋㅋㅋㅋ','text',NULL,NULL,NULL,1700810248870),
	 ('65604e0b1773d80001003bca','null','FIRST_TEST_OPEN_CHAT_CHANNEL01','admin01','잘오네','text',NULL,NULL,NULL,1700810251855),
	 ('65604e0df376540001002e8c','null','FIRST_TEST_OPEN_CHAT_CHANNEL02','admin02','날짜가 왜 1월 1일 오전이','text',NULL,NULL,NULL,1700810253899),
	 ('65604e0f3284830001003c4b','null','FIRST_TEST_OPEN_CHAT_CHANNEL02','admin02','되엇지','text',NULL,NULL,NULL,1700810255185);
INSERT INTO chat.MESSAGE (id,parentMessageId,channelId,userId,`text`,`type`,filePath,fileName,fileSize,createdAt) VALUES
	 ('65604e143ca8f800010032d9','null','FIRST_TEST_OPEN_CHAT_CHANNEL01','admin01','날짜 어디서 봐요?','text',NULL,NULL,NULL,1700810260774),
	 ('65604e1bfaf9210001003b65','null','FIRST_TEST_OPEN_CHAT_CHANNEL02','admin02','이미지 밑에!','text',NULL,NULL,NULL,1700810267866),
	 ('65604e2438e02d0001002edb','null','FIRST_TEST_OPEN_CHAT_CHANNEL02','admin02','','image','http://192.168.2.65:3000/File/message/FIRST_TEST_OPEN_CHAT_CHANNEL02/ì¤í¬ë¦°ì· 2023-11-24 161752.png','ì¤í¬ë¦°ì· 2023-11-24 161752.png','11973',1700810276792),
	 ('65604e27c0ab8b0001004938','null','FIRST_TEST_OPEN_CHAT_CHANNEL01','admin01','난 날짜 없는데!','text',NULL,NULL,NULL,1700810279661),
	 ('65604e2a3284830001003c58','null','FIRST_TEST_OPEN_CHAT_CHANNEL01','admin01','시간만 뜸!','text',NULL,NULL,NULL,1700810282285),
	 ('65604e2bd81a630001002d2f','null','FIRST_TEST_OPEN_CHAT_CHANNEL02','admin02','','image','http://192.168.2.65:3000/File/message/FIRST_TEST_OPEN_CHAT_CHANNEL02/ì¤í¬ë¦°ì· 2023-11-24 161752 (1).png','ì¤í¬ë¦°ì· 2023-11-24 161752 (1).png','11973',1700810283176),
	 ('65604e33f1d6700001002a8c','null','FIRST_TEST_OPEN_CHAT_CHANNEL01','admin01','아','text',NULL,NULL,NULL,1700810291587),
	 ('65604e3538e02d0001002ee3','null','FIRST_TEST_OPEN_CHAT_CHANNEL01','admin01','이제 떴어요','text',NULL,NULL,NULL,1700810293631),
	 ('65604e3a799d4a0001003bc0','null','FIRST_TEST_OPEN_CHAT_CHANNEL01','admin01','아까 이미지에는 없음','text',NULL,NULL,NULL,1700810298553),
	 ('65604e4c3963170001002eca','null','FIRST_TEST_OPEN_CHAT_CHANNEL02','47e2beb243c5bb9c','HTML 붙이는거 똑같은 코드인데','text',NULL,NULL,NULL,1700810316307);
INSERT INTO chat.MESSAGE (id,parentMessageId,channelId,userId,`text`,`type`,filePath,fileName,fileSize,createdAt) VALUES
	 ('65604e5438e02d0001002efa','null','FIRST_TEST_OPEN_CHAT_CHANNEL02','47e2beb243c5bb9c','될때있고 안될때있어서 지금','text',NULL,NULL,NULL,1700810324632),
	 ('65604e5f2b45fd00010036c4','null','FIRST_TEST_OPEN_CHAT_CHANNEL02','admin02','근데 이거보다 왜 우리 처음에 테스트한거','text',NULL,NULL,NULL,1700810335683),
	 ('65604e644c86110001003923','null','FIRST_TEST_OPEN_CHAT_CHANNEL02','admin02','그게 좀더 그럴듯한거같음','text',NULL,NULL,NULL,1700810340398),
	 ('65604e69065c410001003d31','null','FIRST_TEST_OPEN_CHAT_CHANNEL01','admin01','완전 인정','text',NULL,NULL,NULL,1700810345077),
	 ('65604e767c41cf00010030eb','null','FIRST_TEST_OPEN_CHAT_CHANNEL02','47e2beb243c5bb9c','원래 익명사진 옆에 이름 나오게 할려고 했는데','text',NULL,NULL,NULL,1700810358271),
	 ('65604e812b45fd00010036d4','null','FIRST_TEST_OPEN_CHAT_CHANNEL02','47e2beb243c5bb9c','할줄 몰라서 안했어요','text',NULL,NULL,NULL,1700810369699),
	 ('65604e86f1d6700001002acc','null','FIRST_TEST_OPEN_CHAT_CHANNEL01','admin01','해줘요','text',NULL,NULL,NULL,1700810374058),
	 ('65604e88bf25c1000100323f','null','FIRST_TEST_OPEN_CHAT_CHANNEL02','47e2beb243c5bb9c','그런거 한두개가 아님','text',NULL,NULL,NULL,1700810376854),
	 ('65604e89d81a630001002d6d','null','FIRST_TEST_OPEN_CHAT_CHANNEL01','admin01','다음주 목요일까지','text',NULL,NULL,NULL,1700810377266),
	 ('65604e90154d3f0001003117','null','FIRST_TEST_OPEN_CHAT_CHANNEL02','admin02','화이팅','text',NULL,NULL,NULL,1700810384708);
INSERT INTO chat.MESSAGE (id,parentMessageId,channelId,userId,`text`,`type`,filePath,fileName,fileSize,createdAt) VALUES
	 ('65604e91065c410001003d4c','null','FIRST_TEST_OPEN_CHAT_CHANNEL01','admin01','난 믿어여','text',NULL,NULL,NULL,1700810385285),
	 ('65604e953963170001002eea','null','FIRST_TEST_OPEN_CHAT_CHANNEL01','admin01','형준님은 할 수 있어','text',NULL,NULL,NULL,1700810389548),
	 ('65604eaf98e5e9000100319d','null','FIRST_TEST_OPEN_CHAT_CHANNEL02','47e2beb243c5bb9c','시간 없음','text',NULL,NULL,NULL,1700810415530),
	 ('65604ed1c0ab8b00010049d7','null','FIRST_TEST_OPEN_CHAT_CHANNEL02','admin02','저 사람대신','text',NULL,NULL,NULL,1700810449287),
	 ('65604ed430c0b40001003329','null','FIRST_TEST_OPEN_CHAT_CHANNEL02','admin02','우리회사 로고 박아줘요','text',NULL,NULL,NULL,1700810452358),
	 ('65604edaf4676b0001003521','null','FIRST_TEST_OPEN_CHAT_CHANNEL02','admin02','','image','http://192.168.2.65:3000/File/message/FIRST_TEST_OPEN_CHAT_CHANNEL02/inë¡ê³ .jpg','inë¡ê³ .jpg','399083',1700810458212),
	 ('65604f0df4676b0001003545','null','FIRST_TEST_OPEN_CHAT_CHANNEL02','47e2beb243c5bb9c','으으','text',NULL,NULL,NULL,1700810509346),
	 ('65604f1738e02d0001002f87','null','FIRST_TEST_OPEN_CHAT_CHANNEL02','47e2beb243c5bb9c','','file','http://192.168.2.65:3000/File/message/FIRST_TEST_OPEN_CHAT_CHANNEL02/no_picture_user_.png','no_picture_user_.png','1382',1700810519349),
	 ('65604f1f3c30b700010032a6','null','FIRST_TEST_OPEN_CHAT_CHANNEL02','47e2beb243c5bb9c','','image','http://192.168.2.65:3000/File/message/FIRST_TEST_OPEN_CHAT_CHANNEL02/no_picture_user_ (1).png','no_picture_user_ (1).png','1382',1700810527739),
	 ('65604f48c0ab8b0001004a4a','null','FIRST_TEST_OPEN_CHAT_CHANNEL02','47e2beb243c5bb9c','1','text',NULL,NULL,NULL,1700810568956);
INSERT INTO chat.MESSAGE (id,parentMessageId,channelId,userId,`text`,`type`,filePath,fileName,fileSize,createdAt) VALUES
	 ('65604f492f97870001003dc0','null','FIRST_TEST_OPEN_CHAT_CHANNEL02','47e2beb243c5bb9c','3','text',NULL,NULL,NULL,1700810569625),
	 ('65604f4944cdeb000100383e','null','FIRST_TEST_OPEN_CHAT_CHANNEL02','47e2beb243c5bb9c','4','text',NULL,NULL,NULL,1700810569867),
	 ('65604f49503dee0001003224','null','FIRST_TEST_OPEN_CHAT_CHANNEL02','47e2beb243c5bb9c','2','text',NULL,NULL,NULL,1700810569351),
	 ('65604f4a157e57000100352c','null','FIRST_TEST_OPEN_CHAT_CHANNEL02','47e2beb243c5bb9c','6','text',NULL,NULL,NULL,1700810570358),
	 ('65604f4a20234100010027bb','null','FIRST_TEST_OPEN_CHAT_CHANNEL02','47e2beb243c5bb9c','5','text',NULL,NULL,NULL,1700810570114),
	 ('65604f4a3c30b700010032c1','null','FIRST_TEST_OPEN_CHAT_CHANNEL02','47e2beb243c5bb9c','8','text',NULL,NULL,NULL,1700810570799),
	 ('65604f4a799d4a0001003c60','null','FIRST_TEST_OPEN_CHAT_CHANNEL02','47e2beb243c5bb9c','7','text',NULL,NULL,NULL,1700810570573),
	 ('65604f4b3284830001003d0f','null','FIRST_TEST_OPEN_CHAT_CHANNEL02','47e2beb243c5bb9c','9','text',NULL,NULL,NULL,1700810571055),
	 ('65604f4cf376540001002f9e','null','FIRST_TEST_OPEN_CHAT_CHANNEL02','47e2beb243c5bb9c','10','text',NULL,NULL,NULL,1700810572627),
	 ('65604fdb30c0b400010033d5','null','FIRST_TEST_OPEN_CHAT_CHANNEL02','47e2beb243c5bb9c','','text',NULL,NULL,NULL,1700810715885);
INSERT INTO chat.MESSAGE (id,parentMessageId,channelId,userId,`text`,`type`,filePath,fileName,fileSize,createdAt) VALUES
	 ('65604fdb34a1d50001003a5d','null','FIRST_TEST_OPEN_CHAT_CHANNEL02','47e2beb243c5bb9c','','text',NULL,NULL,NULL,1700810715692),
	 ('65604fde3963170001002fc3','null','FIRST_TEST_OPEN_CHAT_CHANNEL02','47e2beb243c5bb9c','?','text',NULL,NULL,NULL,1700810718463),
	 ('6560500a1773d80001003d3f','null','FIRST_TEST_OPEN_CHAT_CHANNEL02','47e2beb243c5bb9c','TO MESSAGE : {}','text',NULL,NULL,NULL,1700810762171),
	 ('65605012ee894800010027da','null','FIRST_TEST_OPEN_CHAT_CHANNEL02','admin03','졸음이 와요','text',NULL,NULL,NULL,1700810770543),
	 ('65605013f1d6700001002c07','null','FIRST_TEST_OPEN_CHAT_CHANNEL02','admin03','','text',NULL,NULL,NULL,1700810771663),
	 ('6560501738e02d0001003022','null','FIRST_TEST_OPEN_CHAT_CHANNEL02','admin03',' ','text',NULL,NULL,NULL,1700810775972),
	 ('6560501f3ca8f80001003454','null','FIRST_TEST_OPEN_CHAT_CHANNEL02','admin03','    ','text',NULL,NULL,NULL,1700810783073),
	 ('6560502d13f13e0001002f3e','null','FIRST_TEST_OPEN_CHAT_CHANNEL02','44c5a8a4384857c6','안녕하세요','text',NULL,NULL,NULL,1700810797751),
	 ('656050302f97870001003ec3','null','FIRST_TEST_OPEN_CHAT_CHANNEL02','admin03','!@#$!^%%!#(&)_(*)+&_()|\\','''text''',NULL,NULL,NULL,1700810800381),
	 ('65605033c0ab8b0001004ac9','null','FIRST_TEST_OPEN_CHAT_CHANNEL02','47e2beb243c5bb9c','1','text',NULL,NULL,NULL,1700810803556);
INSERT INTO chat.MESSAGE (id,parentMessageId,channelId,userId,`text`,`type`,filePath,fileName,fileSize,createdAt) VALUES
	 ('656050343ca8f8000100345f','null','FIRST_TEST_OPEN_CHAT_CHANNEL02','47e2beb243c5bb9c','2','text',NULL,NULL,NULL,1700810804151),
	 ('65605034503dee00010032b0','null','FIRST_TEST_OPEN_CHAT_CHANNEL02','47e2beb243c5bb9c','3','text',NULL,NULL,NULL,1700810804486),
	 ('65605055799d4a0001003d17','null','FIRST_TEST_OPEN_CHAT_CHANNEL02','admin03','/*/+- &nbsp; &le; <><>< == != =1===','text',NULL,NULL,NULL,1700810837708),
	 ('656050587c41cf0001003264','null','FIRST_TEST_OPEN_CHAT_CHANNEL02','admin03','dj','text',NULL,NULL,NULL,1700810840942),
	 ('6560505b38e02d000100304a','null','FIRST_TEST_OPEN_CHAT_CHANNEL02','47e2beb243c5bb9c','내릴께요 서버','text',NULL,NULL,NULL,1700810843206),
	 ('65605098154d3f0001003261','null','FIRST_TEST_OPEN_CHAT_CHANNEL01','admin01','넹~~~~','text',NULL,NULL,NULL,1700810904648),
	 ('65605601ee89480001002be5','null','FIRST_TEST_OPEN_CHAT_CHANNEL02','44c5a8a4384857c6','1','text',NULL,NULL,NULL,1700812289268),
	 ('65605adb3c6ba100010045b1',NULL,'FIRST_TEST_OPEN_CHAT_CHANNEL03','44c5a8a4384857c6','ㅅㄷㄴㅅ','text',NULL,NULL,NULL,1700813531559),
	 ('65605afb39631700010041f2',NULL,'FIRST_TEST_OPEN_CHAT_CHANNEL03','44c5a8a4384857c6','ㅅㄷㄴ테스트','text',NULL,NULL,NULL,1700813563786),
	 ('65605b202f978700010045c8',NULL,'FIRST_TEST_OPEN_CHAT_CHANNEL03','44c5a8a4384857c6','ㅇㅇㅇ ㅅㄷㄴㅅ','text',NULL,NULL,NULL,1700813600362);
INSERT INTO chat.MESSAGE (id,parentMessageId,channelId,userId,`text`,`type`,filePath,fileName,fileSize,createdAt) VALUES
	 ('65605b2d71e29c0001003dba',NULL,'FIRST_TEST_OPEN_CHAT_CHANNEL03','44c5a8a4384857c6','ㅋㅋㅋㅋ','text',NULL,NULL,NULL,1700813613626),
	 ('65605c8371e29c0001003ead',NULL,'FIRST_TEST_OPEN_CHAT_CHANNEL03','44c5a8a4384857c6','ㅎㅇㅎㅇ','text',NULL,NULL,NULL,1700813955816),
	 ('65605c8af4676b0001003e5d',NULL,'FIRST_TEST_OPEN_CHAT_CHANNEL03','44c5a8a4384857c6','ㅋㅋㅋ','text',NULL,NULL,NULL,1700813962381),
	 ('65605c8bee89480001002fc3',NULL,'FIRST_TEST_OPEN_CHAT_CHANNEL03','44c5a8a4384857c6','ㅎㅇㅎㅇ','text',NULL,NULL,NULL,1700813963437),
	 ('65605c9234a1d500010043a6',NULL,'FIRST_TEST_OPEN_CHAT_CHANNEL03','44c5a8a4384857c6','ㅁㄴㅇㅁㄴㅇㅁㄴㅇㅁㄴㅇ','text',NULL,NULL,NULL,1700813970889),
	 ('65605c9630c0b40001003c56',NULL,'FIRST_TEST_OPEN_CHAT_CHANNEL03','44c5a8a4384857c6','1','text',NULL,NULL,NULL,1700813974277),
	 ('65605c971773d800010044b7',NULL,'FIRST_TEST_OPEN_CHAT_CHANNEL03','44c5a8a4384857c6','3','text',NULL,NULL,NULL,1700813975624),
	 ('65605c9785e99000010048c4',NULL,'FIRST_TEST_OPEN_CHAT_CHANNEL03','44c5a8a4384857c6','2','text',NULL,NULL,NULL,1700813975030),
	 ('65605c981773d800010044ba','null','FIRST_TEST_OPEN_CHAT_CHANNEL03','44c5a8a4384857c6','5','text',NULL,NULL,NULL,1700813976754),
	 ('65605c981c76e400010063cf','null','FIRST_TEST_OPEN_CHAT_CHANNEL03','44c5a8a4384857c6','4','text',NULL,NULL,NULL,1700813976202);
INSERT INTO chat.MESSAGE (id,parentMessageId,channelId,userId,`text`,`type`,filePath,fileName,fileSize,createdAt) VALUES
	 ('65605c999377860001004174','null','FIRST_TEST_OPEN_CHAT_CHANNEL03','44c5a8a4384857c6','6','text',NULL,NULL,NULL,1700813977361),
	 ('65605c99bbc08f00010034c2','null','FIRST_TEST_OPEN_CHAT_CHANNEL03','44c5a8a4384857c6','7','text',NULL,NULL,NULL,1700813977975),
	 ('65605c9a71e29c0001003ebf','null','FIRST_TEST_OPEN_CHAT_CHANNEL03','44c5a8a4384857c6','8','text',NULL,NULL,NULL,1700813978535),
	 ('65605c9c13f13e0001003838','null','FIRST_TEST_OPEN_CHAT_CHANNEL03','44c5a8a4384857c6','9','text',NULL,NULL,NULL,1700813980188),
	 ('65605cacf1d67000010033f4','null','FIRST_TEST_OPEN_CHAT_CHANNEL03','44c5a8a4384857c6','??','text',NULL,NULL,NULL,1700813996444),
	 ('65605cad13eb9b0001003fe9','null','FIRST_TEST_OPEN_CHAT_CHANNEL03','44c5a8a4384857c6','1','text',NULL,NULL,NULL,1700813997712),
	 ('65605cae3c30b70001003caf','null','FIRST_TEST_OPEN_CHAT_CHANNEL03','44c5a8a4384857c6','2','text',NULL,NULL,NULL,1700813998991),
	 ('65605caf1c76e400010063df','null','FIRST_TEST_OPEN_CHAT_CHANNEL03','44c5a8a4384857c6','3','text',NULL,NULL,NULL,1700813999638),
	 ('65605d6344cdeb0001004140','null','FIRST_TEST_OPEN_CHAT_CHANNEL03','44c5a8a4384857c6','1','text',NULL,NULL,NULL,1700814179324),
	 ('65605d6413f13e00010038ad','null','FIRST_TEST_OPEN_CHAT_CHANNEL03','44c5a8a4384857c6','2','text',NULL,NULL,NULL,1700814180414);
INSERT INTO chat.MESSAGE (id,parentMessageId,channelId,userId,`text`,`type`,filePath,fileName,fileSize,createdAt) VALUES
	 ('65605d65d81a6300010037b6','null','FIRST_TEST_OPEN_CHAT_CHANNEL03','44c5a8a4384857c6','3','text',NULL,NULL,NULL,1700814181911),
	 ('65605d6613f13e00010038b1','null','FIRST_TEST_OPEN_CHAT_CHANNEL03','44c5a8a4384857c6','4','text',NULL,NULL,NULL,1700814182796),
	 ('65605d67ee89480001003066','null','FIRST_TEST_OPEN_CHAT_CHANNEL03','44c5a8a4384857c6','5','text',NULL,NULL,NULL,1700814183501),
	 ('65605d68f4676b0001003ed4','null','FIRST_TEST_OPEN_CHAT_CHANNEL03','44c5a8a4384857c6','6','text',NULL,NULL,NULL,1700814184068),
	 ('65605d863c6ba10001004792','null','FIRST_TEST_OPEN_CHAT_CHANNEL03','44c5a8a4384857c6','1','text',NULL,NULL,NULL,1700814214781),
	 ('65605d8b3284830001004a28','null','FIRST_TEST_OPEN_CHAT_CHANNEL03','44c5a8a4384857c6','2','text',NULL,NULL,NULL,1700814219181),
	 ('65605d8ffcfde9000100457b','null','FIRST_TEST_OPEN_CHAT_CHANNEL03','44c5a8a4384857c6','3','text',NULL,NULL,NULL,1700814223153),
	 ('65605d91f4676b0001003ee4','null','FIRST_TEST_OPEN_CHAT_CHANNEL03','44c5a8a4384857c6','4','text',NULL,NULL,NULL,1700814225417),
	 ('65605d94d81a6300010037c7','null','FIRST_TEST_OPEN_CHAT_CHANNEL03','44c5a8a4384857c6','5','text',NULL,NULL,NULL,1700814228200),
	 ('65605d94f1d6700001003476','null','FIRST_TEST_OPEN_CHAT_CHANNEL03','44c5a8a4384857c6','6','text',NULL,NULL,NULL,1700814228629);
INSERT INTO chat.MESSAGE (id,parentMessageId,channelId,userId,`text`,`type`,filePath,fileName,fileSize,createdAt) VALUES
	 ('65605d95f376540001003d43','null','FIRST_TEST_OPEN_CHAT_CHANNEL03','44c5a8a4384857c6','8','text',NULL,NULL,NULL,1700814229314),
	 ('65605d95f376540001003d46','null','FIRST_TEST_OPEN_CHAT_CHANNEL03','44c5a8a4384857c6','9','text',NULL,NULL,NULL,1700814229595),
	 ('65605d95f4676b0001003eea','null','FIRST_TEST_OPEN_CHAT_CHANNEL03','44c5a8a4384857c6','7','text',NULL,NULL,NULL,1700814229010),
	 ('65605e4813f13e0001003927','null','FIRST_TEST_OPEN_CHAT_CHANNEL03','44c5a8a4384857c6','1','text',NULL,NULL,NULL,1700814408457),
	 ('65605e4a1773d800010045b6','null','FIRST_TEST_OPEN_CHAT_CHANNEL03','44c5a8a4384857c6','2','text',NULL,NULL,NULL,1700814410125),
	 ('65605e75154d3f0001003c85','null','FIRST_TEST_OPEN_CHAT_CHANNEL03','44c5a8a4384857c6','1','text',NULL,NULL,NULL,1700814453847),
	 ('65605e776f798d00010036f3','null','FIRST_TEST_OPEN_CHAT_CHANNEL03','44c5a8a4384857c6','2','text',NULL,NULL,NULL,1700814455509),
	 ('65605e7a30c0b40001003d5a','null','FIRST_TEST_OPEN_CHAT_CHANNEL03','44c5a8a4384857c6','3','text',NULL,NULL,NULL,1700814458056),
	 ('65605e7b154d3f0001003c8f','null','FIRST_TEST_OPEN_CHAT_CHANNEL03','44c5a8a4384857c6','4','text',NULL,NULL,NULL,1700814459492),
	 ('65605e7c2b45fd00010042d8','null','FIRST_TEST_OPEN_CHAT_CHANNEL03','44c5a8a4384857c6','5','text',NULL,NULL,NULL,1700814460273);
INSERT INTO chat.MESSAGE (id,parentMessageId,channelId,userId,`text`,`type`,filePath,fileName,fileSize,createdAt) VALUES
	 ('65605e8130c0b40001003d63','null','FIRST_TEST_OPEN_CHAT_CHANNEL03','44c5a8a4384857c6','1','text',NULL,NULL,NULL,1700814465227),
	 ('65605e83bf25c10001003f33','null','FIRST_TEST_OPEN_CHAT_CHANNEL03','44c5a8a4384857c6','2','text',NULL,NULL,NULL,1700814467915),
	 ('65605e867c41cf0001004312','null','FIRST_TEST_OPEN_CHAT_CHANNEL03','44c5a8a4384857c6','3','text',NULL,NULL,NULL,1700814470828),
	 ('65605e8713eb9b0001004105','null','FIRST_TEST_OPEN_CHAT_CHANNEL03','44c5a8a4384857c6','4','text',NULL,NULL,NULL,1700814471560),
	 ('65605e88154d3f0001003c98','null','FIRST_TEST_OPEN_CHAT_CHANNEL03','44c5a8a4384857c6','5','text',NULL,NULL,NULL,1700814472227),
	 ('65605e891c76e40001006515','null','FIRST_TEST_OPEN_CHAT_CHANNEL03','44c5a8a4384857c6','6','text',NULL,NULL,NULL,1700814473138),
	 ('65605e89f4676b0001003f77','null','FIRST_TEST_OPEN_CHAT_CHANNEL03','44c5a8a4384857c6','7','text',NULL,NULL,NULL,1700814473798),
	 ('65605e8a30c0b40001003d6a','null','FIRST_TEST_OPEN_CHAT_CHANNEL03','44c5a8a4384857c6','8','text',NULL,NULL,NULL,1700814474627),
	 ('65605e8b2b45fd00010042dd','null','FIRST_TEST_OPEN_CHAT_CHANNEL03','44c5a8a4384857c6','9','text',NULL,NULL,NULL,1700814475388),
	 ('65605e8c6f798d00010036fb','null','FIRST_TEST_OPEN_CHAT_CHANNEL03','44c5a8a4384857c6','0','text',NULL,NULL,NULL,1700814476095);
INSERT INTO chat.MESSAGE (id,parentMessageId,channelId,userId,`text`,`type`,filePath,fileName,fileSize,createdAt) VALUES
	 ('65605e8e1c76e4000100651b','null','FIRST_TEST_OPEN_CHAT_CHANNEL03','44c5a8a4384857c6','1','text',NULL,NULL,NULL,1700814478137),
	 ('6560632120234100010038c5','null','FIRST_TEST_OPEN_CHAT_CHANNEL03','44c5a8a4384857c6','','image','http://192.168.2.65:3000/File/message/FIRST_TEST_OPEN_CHAT_CHANNEL03/default-avatar.png','default-avatar.png','8652',1700815649281),
	 ('6563ebbb71e29c000103e399',NULL,'FIRST_TEST_OPEN_CHAT_CHANNEL03','47e2beb243c5bb9c','read','text',NULL,NULL,NULL,1701047227392),
	 ('6563f4eaf4676b000104221c',NULL,'FIRST_TEST_OPEN_CHAT_CHANNEL03','47e2beb243c5bb9c','read','text',NULL,NULL,NULL,1701049578131),
	 ('6563f4ecf4676b0001042227','null','FIRST_TEST_OPEN_CHAT_CHANNEL03','47e2beb243c5bb9c','1','text',NULL,NULL,NULL,1701049580579),
	 ('6563f4ed154d3f00010410e1','null','FIRST_TEST_OPEN_CHAT_CHANNEL03','47e2beb243c5bb9c','2','text',NULL,NULL,NULL,1701049581325),
	 ('6563f4edbbc08f000103ed7f','null','FIRST_TEST_OPEN_CHAT_CHANNEL03','47e2beb243c5bb9c','3','text',NULL,NULL,NULL,1701049581748),
	 ('6563f4ee503dee000103be1e','null','FIRST_TEST_OPEN_CHAT_CHANNEL03','47e2beb243c5bb9c','5','text',NULL,NULL,NULL,1701049582810),
	 ('6563f4ee85e9900001041277','null','FIRST_TEST_OPEN_CHAT_CHANNEL03','47e2beb243c5bb9c','4','text',NULL,NULL,NULL,1701049582232),
	 ('656439cf85e9900001044444','null','FIRST_TEST_OPEN_CHAT_CHANNEL01','47e2beb243c5bb9c','read','text',NULL,NULL,NULL,1701067215817);
INSERT INTO chat.MESSAGE (id,parentMessageId,channelId,userId,`text`,`type`,filePath,fileName,fileSize,createdAt) VALUES
	 ('656439d238e02d000104276e','null','FIRST_TEST_OPEN_CHAT_CHANNEL02','47e2beb243c5bb9c','read','text',NULL,NULL,NULL,1701067218108),
	 ('656439d25c46ca0001040d72','null','FIRST_TEST_OPEN_CHAT_CHANNEL03','47e2beb243c5bb9c','read','text',NULL,NULL,NULL,1701067218624),
	 ('6565463d7c41cf00010529cc','null','FIRST_TEST_OPEN_CHAT_CHANNEL01','47e2beb243c5bb9c','네이티브앱 알림 메세지 테스트','text',NULL,NULL,NULL,1701135933212),
	 ('65654681154d3f00010536c2','null','FIRST_TEST_OPEN_CHAT_CHANNEL01','47e2beb243c5bb9c','네이티브앱 알림 메세지 테스트!!','text',NULL,NULL,NULL,1701136001005),
	 ('65654b3198e5e90001053f43','null','FIRST_TEST_OPEN_CHAT_CHANNEL01','47e2beb243c5bb9c','??','text',NULL,NULL,NULL,1701137201488),
	 ('65654b3834a1d50001052c33','null','FIRST_TEST_OPEN_CHAT_CHANNEL01','47e2beb243c5bb9c','??','text',NULL,NULL,NULL,1701137208411);

INSERT INTO chat.USER_CHANNEL (userId,channelId) VALUES
	 ('44c5a8a4384857c6','FIRST_TEST_OPEN_CHAT_CHANNEL01'),
	 ('47e2beb243c5bb9c','FIRST_TEST_OPEN_CHAT_CHANNEL01'),
	 ('admin01','FIRST_TEST_OPEN_CHAT_CHANNEL01'),
	 ('admin02','FIRST_TEST_OPEN_CHAT_CHANNEL01'),
	 ('admin03','FIRST_TEST_OPEN_CHAT_CHANNEL01'),
	 ('admin10','FIRST_TEST_OPEN_CHAT_CHANNEL01'),
	 ('44c5a8a4384857c6','FIRST_TEST_OPEN_CHAT_CHANNEL02'),
	 ('47e2beb243c5bb9c','FIRST_TEST_OPEN_CHAT_CHANNEL02'),
	 ('admin01','FIRST_TEST_OPEN_CHAT_CHANNEL02'),
	 ('admin02','FIRST_TEST_OPEN_CHAT_CHANNEL02');
INSERT INTO chat.USER_CHANNEL (userId,channelId) VALUES
	 ('admin03','FIRST_TEST_OPEN_CHAT_CHANNEL02'),
	 ('admin04','FIRST_TEST_OPEN_CHAT_CHANNEL02'),
	 ('admin05','FIRST_TEST_OPEN_CHAT_CHANNEL02'),
	 ('admin06','FIRST_TEST_OPEN_CHAT_CHANNEL02'),
	 ('admin07','FIRST_TEST_OPEN_CHAT_CHANNEL02'),
	 ('admin08','FIRST_TEST_OPEN_CHAT_CHANNEL02'),
	 ('admin09','FIRST_TEST_OPEN_CHAT_CHANNEL02'),
	 ('admin10','FIRST_TEST_OPEN_CHAT_CHANNEL02'),
	 ('44c5a8a4384857c6','FIRST_TEST_OPEN_CHAT_CHANNEL03'),
	 ('47e2beb243c5bb9c','FIRST_TEST_OPEN_CHAT_CHANNEL03');
INSERT INTO chat.USER_CHANNEL (userId,channelId) VALUES
	 ('admin01','FIRST_TEST_OPEN_CHAT_CHANNEL03'),
	 ('admin02','FIRST_TEST_OPEN_CHAT_CHANNEL03'),
	 ('admin03','FIRST_TEST_OPEN_CHAT_CHANNEL03'),
	 ('admin04','FIRST_TEST_OPEN_CHAT_CHANNEL03'),
	 ('admin05','FIRST_TEST_OPEN_CHAT_CHANNEL03'),
	 ('admin06','FIRST_TEST_OPEN_CHAT_CHANNEL03'),
	 ('admin07','FIRST_TEST_OPEN_CHAT_CHANNEL03'),
	 ('admin08','FIRST_TEST_OPEN_CHAT_CHANNEL03'),
	 ('admin09','FIRST_TEST_OPEN_CHAT_CHANNEL03'),
	 ('admin10','FIRST_TEST_OPEN_CHAT_CHANNEL03');
